pair,file,duplicate_of,symbol,timeframe,session,session_timezone,session_exit_enabled,direction,model,risk_pct,target_r,trades,open_trades,net_zar,pf,win_pct,dd_pct,payoff,break_even_pct,mean_budget_r,common_start,common_end,common_trades,common_pf,late_trades,late_pf,issues
AUDJPY,Strategy Tester Results/AUDJPY/ORB_ICT_Backtest_v1_OANDA_AUDJPY_2026-09-14 (1).xlsx,,OANDA:AUDJPY,15 minutes,Asian,Europe/London,Off,Both,Close breakout,10,2.75,110,0,821.4,1.010643296283463,30.909090909090907,74.42,2.259085015221859,30.683458557521732,0.143755347701551,2026-07-26T23:00:00,2026-09-14T20:00:00,35,0.9266557363244325,11,1.016932573975537,
AUDJPY,Strategy Tester Results/AUDJPY/ORB_ICT_Backtest_v1_OANDA_AUDJPY_2026-09-14 (2).xlsx,,OANDA:AUDJPY,30 minutes,Asian,Europe/London,Off,Both,Close breakout,10,2.75,25,1,12881.21,1.40573826775979,40.0,38.92,2.108607401639685,32.168745383303595,0.49055821796129145,2026-07-26T23:00:00,2026-09-14T20:00:00,0,,0,,
AUDJPY,Strategy Tester Results/AUDJPY/ORB_ICT_Backtest_v1_OANDA_AUDJPY_2026-09-14 (3).xlsx,,OANDA:AUDJPY,30 minutes,Asian,Europe/London,Off,Long only,Close breakout,10,2.75,17,1,16586.69,1.9156803696578069,47.05882352941176,25.15,2.155140415865033,31.69431049634708,0.7528473693772924,2026-07-26T23:00:00,2026-09-14T20:00:00,0,,0,,
AUDJPY,Strategy Tester Results/AUDJPY/ORB_ICT_Backtest_v1_OANDA_AUDJPY_2026-09-14 (4).xlsx,,OANDA:AUDJPY,5 minutes,Asian,Europe/London,Off,Short only,Close breakout,10,2.75,15,0,1488.6,1.115330859281182,33.33333333333333,27.28,2.2306617185623643,30.95341100723468,0.23666708418623056,2026-07-26T23:00:00,2026-09-14T20:00:00,15,1.3479932480161654,7,1.09199017793045,
AUDJPY,Strategy Tester Results/AUDJPY/ORB_ICT_Backtest_v1_OANDA_AUDJPY_2026-09-14 (5).xlsx,,OANDA:AUDJPY,15 minutes,Asian,Europe/London,Off,Short only,Close breakout,10,2.75,53,0,3025.9,1.0971043681578054,32.075471698113205,73.38,2.323279838451823,30.090755175942636,0.1891134602153114,2026-07-26T23:00:00,2026-09-14T20:00:00,17,1.1307835966808968,7,2.039598938273799,
AUDJPY,Strategy Tester Results/AUDJPY/ORB_ICT_Backtest_v1_OANDA_AUDJPY_2026-09-14.xlsx,,OANDA:AUDJPY,5 minutes,Asian,Europe/London,Off,Both,Close breakout,10,2.75,35,0,-7322.19,0.5332445147060698,20.0,73.22,2.1329780588242793,31.918512712957607,-0.26749458513175645,2026-07-26T23:00:00,2026-09-14T20:00:00,35,0.6727491278464118,11,0.603348266064784,
EURUSD,Strategy Tester Results/EURUSD/ORB_ICT_Backtest_v1_DERIV_EURUSD_2026-09-14 (1).xlsx,,DERIV:EURUSD,15 minutes,London,Africa/Johannesburg,On,Both,Close breakout,10,2.75,119,0,3420.99,1.0798624988327574,44.537815126050425,66.42,1.344734432508717,42.648753143871545,0.1064179900051339,2026-07-26T23:10:00,2026-09-14T19:40:00,36,1.729585809942978,11,2.5397870305240806,
EURUSD,Strategy Tester Results/EURUSD/ORB_ICT_Backtest_v1_DERIV_EURUSD_2026-09-14 (2).xlsx,,DERIV:EURUSD,30 minutes,London,Africa/Johannesburg,On,Both,Close breakout,10,2.75,171,0,-8016.88,0.6011427081706022,40.35087719298245,97.1,0.8799335293511713,53.19337010522568,-0.026465581034815812,2026-07-26T23:10:00,2026-09-14T19:40:00,33,2.3681233147950014,10,2.127117356211617,
EURUSD,Strategy Tester Results/EURUSD/ORB_ICT_Backtest_v1_DERIV_EURUSD_2026-09-14 (3).xlsx,,DERIV:EURUSD,5 minutes,London,Africa/Johannesburg,On,Long only,Close breakout,10,2.75,21,0,12266.91,1.8159366826924357,57.14285714285714,28.56,1.3619525120193268,42.337853742243965,0.5003101718614972,2026-07-26T23:10:00,2026-09-14T19:40:00,21,2.1280826535004276,4,4.533637102184635,
EURUSD,Strategy Tester Results/EURUSD/ORB_ICT_Backtest_v1_DERIV_EURUSD_2026-09-14 (4).xlsx,,DERIV:EURUSD,15 minutes,London,Africa/Johannesburg,On,Long only,Close breakout,10,2.75,56,0,8108.13,1.3176875079587418,48.214285714285715,39.73,1.4152939900297599,41.402827321558426,0.18611615473514778,2026-07-26T23:10:00,2026-09-14T19:40:00,18,2.2356625563054786,3,,
EURUSD,Strategy Tester Results/EURUSD/ORB_ICT_Backtest_v1_DERIV_EURUSD_2026-09-14 (5).xlsx,,DERIV:EURUSD,30 minutes,London,Africa/Johannesburg,On,Long only,Close breakout,10,2.75,70,0,-3178.04,0.827795310065002,41.42857142857143,75.45,1.1417866345724164,46.689991610655404,0.01119441529218616,2026-07-26T23:10:00,2026-09-14T19:40:00,16,2.2051005928949747,3,1.2600020223269905,
EURUSD,Strategy Tester Results/EURUSD/ORB_ICT_Backtest_v1_DERIV_EURUSD_2026-09-14.xlsx,,DERIV:EURUSD,5 minutes,London,Africa/Johannesburg,On,Both,Close breakout,10,2.75,36,0,4599.59,1.195742976775579,44.44444444444444,46.81,1.4946787209694736,40.08532207351267,0.21165494918774092,2026-07-26T23:10:00,2026-09-14T19:40:00,36,1.3859599996523864,11,2.1002546849485277,
GBPJPY,Strategy Tester Results/GBPJPY/ORB_ICT_Backtest_v1_FX_GBPJPY_2026-09-14 (1).xlsx,,FX:GBPJPY,30 minutes,London,Africa/Johannesburg,On,Long only,Close breakout,10,2.75,93,0,8517.32,1.1690792975092343,52.68817204301075,49.03,1.0497854916409453,48.785592642645504,0.12311338614726682,2026-07-26T23:20:00,2026-09-14T19:30:00,18,1.2554397688329202,5,0.6679981253750692,
GBPJPY,Strategy Tester Results/GBPJPY/ORB_ICT_Backtest_v1_FX_GBPJPY_2026-09-14 (2).xlsx,,FX:GBPJPY,5 minutes,London,Africa/Johannesburg,On,Both,Close breakout,10,2.75,36,0,9272.23,1.4354174992169528,52.77777777777778,43.13,1.2843209203520103,43.77668615169455,0.28390495596090826,2026-07-26T23:20:00,2026-09-14T19:30:00,36,1.6319593554934542,11,2.1786001524011382,
GBPJPY,Strategy Tester Results/GBPJPY/ORB_ICT_Backtest_v1_FX_GBPJPY_2026-09-14 (3).xlsx,,FX:GBPJPY,30 minutes,London,Africa/Johannesburg,On,Both,Close breakout,10,2.75,165,0,10637.6,1.1161326497270208,47.27272727272727,50.61,1.2449171862339847,44.545073026839546,0.10377542431889017,2026-07-26T23:20:00,2026-09-14T19:30:00,33,1.4486539464412782,10,0.7209064612644507,
GBPJPY,Strategy Tester Results/GBPJPY/ORB_ICT_Backtest_v1_FX_GBPJPY_2026-09-14 (4).xlsx,,FX:GBPJPY,5 minutes,London,Africa/Johannesburg,On,Both,Break + retest,10,2.75,24,0,12374.45,1.7755805674430964,45.83333333333333,37.09,2.098413397887296,32.27458287786473,0.46035265213211213,2026-07-26T23:20:00,2026-09-14T19:30:00,24,1.9904493335881521,6,2.9640894378199767,
GBPJPY,Strategy Tester Results/GBPJPY/ORB_ICT_Backtest_v1_FX_GBPJPY_2026-09-14 (5).xlsx,,FX:GBPJPY,15 minutes,London,Africa/Johannesburg,On,Both,Break + retest,10,2.75,73,0,67.28,1.0017635136568834,42.465753424657535,73.55,1.3572279862448098,42.42271031208371,0.07684070382934764,2026-07-26T23:20:00,2026-09-14T19:30:00,25,1.7556767878087236,5,1.4843265577547746,
GBPJPY,Strategy Tester Results/GBPJPY/ORB_ICT_Backtest_v1_FX_GBPJPY_2026-09-14 (6).xlsx,,FX:GBPJPY,30 minutes,London,Africa/Johannesburg,On,Both,Break + retest,10,2.75,92,0,11740.99,1.1913629253696993,50.0,43.16,1.1913629253696993,45.63370076324954,0.15035163755623243,2026-07-26T23:20:00,2026-09-14T19:30:00,20,1.580473163315939,4,0.7584527054480186,
GBPJPY,Strategy Tester Results/GBPJPY/ORB_ICT_Backtest_v1_FX_GBPJPY_2026-09-14.xlsx,,FX:GBPJPY,5 minutes,London,Africa/Johannesburg,On,Short only,Close breakout,10,2.75,17,0,15482.17,2.343582347050176,64.70588235294117,30.1,1.2783176438455506,43.89203598108074,0.6841960588686223,2026-07-26T23:20:00,2026-09-14T19:30:00,17,2.9225184936737336,7,2.891148523075424,
GBPUSD,Strategy Tester Results/GBPUSD/ORB_ICT_Backtest_v1_FX_GBPUSD_2026-09-14 (1).xlsx,,FX:GBPUSD,15 minutes,London,Africa/Johannesburg,On,Both,Close breakout,10,2.75,117,0,-8343.25,0.7572824543846584,32.47863247863248,90.38,1.55442188005272,39.147801223005544,-0.08087913795375778,2026-07-26T23:20:00,2026-09-14T20:00:00,35,0.9157320522911977,10,1.2606664398217287,
GBPUSD,Strategy Tester Results/GBPUSD/ORB_ICT_Backtest_v1_FX_GBPUSD_2026-09-14 (2).xlsx,,FX:GBPUSD,30 minutes,London,Africa/Johannesburg,On,Both,Close breakout,10,2.75,169,0,-7704.92,0.8019300647168077,43.19526627218935,87.64,1.0436076184670786,48.933072619395766,-0.022123957475475322,2026-07-26T23:20:00,2026-09-14T20:00:00,32,0.9710438676359242,9,3.6198147246480064,
GBPUSD,Strategy Tester Results/GBPUSD/ORB_ICT_Backtest_v1_FX_GBPUSD_2026-09-14 (3).xlsx,,FX:GBPUSD,5 minutes,London,Africa/Johannesburg,On,Both,Break + retest,10,2.75,20,0,6325.26,1.4664550194317236,45.0,39.88,1.7923339126387732,35.812335891268596,0.3754379463730796,2026-07-26T23:20:00,2026-09-14T20:00:00,20,1.6705349259540831,6,1.8547539317873485,
GBPUSD,Strategy Tester Results/GBPUSD/ORB_ICT_Backtest_v1_FX_GBPUSD_2026-09-14 (4).xlsx,,FX:GBPUSD,15 minutes,London,Africa/Johannesburg,On,Both,Break + retest,10,2.75,87,0,-6762.56,0.7774694456702044,34.48275862068966,87.02,1.4771919467733885,40.36828883214027,-0.051763352809203675,2026-07-26T23:20:00,2026-09-14T20:00:00,28,1.2259628097650852,9,1.44463221784242,
GBPUSD,Strategy Tester Results/GBPUSD/ORB_ICT_Backtest_v1_FX_GBPUSD_2026-09-14 (5).xlsx,,FX:GBPUSD,30 minutes,London,Africa/Johannesburg,On,Both,Break + retest,10,2.75,104,0,4960.38,1.1055306380438423,43.269230769230774,67.18,1.4494735032130377,40.825099707683066,0.11170580590425437,2026-07-26T23:20:00,2026-09-14T20:00:00,21,1.8396797725222136,6,21.735327057453986,
GBPUSD,Strategy Tester Results/GBPUSD/ORB_ICT_Backtest_v1_FX_GBPUSD_2026-09-14 (6).xlsx,,FX:GBPUSD,5 minutes,London,Africa/Johannesburg,On,Short only,Break + retest,10,2.75,10,0,5050.94,1.7480443353109663,50.0,23.27,1.7480443353109663,36.38951479605007,0.5540699409565072,2026-07-26T23:20:00,2026-09-14T20:00:00,10,2.0879171152455935,6,1.8547567773318314,
GBPUSD,Strategy Tester Results/GBPUSD/ORB_ICT_Backtest_v1_FX_GBPUSD_2026-09-14 (7).xlsx,,FX:GBPUSD,30 minutes,London,Africa/Johannesburg,On,Short only,Break + retest,10,2.75,57,0,6393.36,1.3057868355350635,42.10526315789473,57.59,1.7954568988607122,35.77232760796812,0.16982878679059846,2026-07-26T23:20:00,2026-09-14T20:00:00,15,2.5743636069149085,4,,
GBPUSD,Strategy Tester Results/GBPUSD/ORB_ICT_Backtest_v1_FX_GBPUSD_2026-09-14.xlsx,,FX:GBPUSD,5 minutes,London,Africa/Johannesburg,On,Both,Close breakout,10,2.75,36,0,9667.67,1.3111661424066738,41.66666666666667,54.06,1.8356325993693428,35.265499494624386,0.3065207674812902,2026-07-26T23:20:00,2026-09-14T20:00:00,36,1.5654810850882632,11,1.2008249214325648,
NAS100,Strategy Tester Results/NAS100/ORB_ICT_Backtest_v1_CAPITALCOM_NAS100_2026-09-14 (1).xlsx,,CAPITALCOM:NAS100,15 minutes,New York,America/New_York,Off,Long only,Close breakout,10,2.75,12,1,5254.91,1.5070231738686601,41.66666666666667,65.57,2.109832443416124,32.156073299611876,0.4933043036359015,2026-07-27T00:00:00,2026-09-14T20:00:00,0,,0,,
NAS100,Strategy Tester Results/NAS100/ORB_ICT_Backtest_v1_CAPITALCOM_NAS100_2026-09-14 (2).xlsx,,CAPITALCOM:NAS100,30 minutes,New York,America/New_York,Off,Long only,Close breakout,10,2.75,22,1,-4250.85,0.6566340386140805,22.727272727272727,70.24,2.232555731287874,30.935274845256657,-0.1721607533334729,2026-07-27T00:00:00,2026-09-14T20:00:00,0,,0,,
NAS100,Strategy Tester Results/NAS100/ORB_ICT_Backtest_v1_CAPITALCOM_NAS100_2026-09-14.xlsx,,CAPITALCOM:NAS100,5 minutes,New York,America/New_York,Off,Long only,Close breakout,10,2.75,16,0,-1202.2,0.912085388808368,31.25,34.83,2.00658785537841,33.26029532817825,0.06188665760385824,2026-07-27T00:00:00,2026-09-14T20:00:00,16,1.0831359278348358,5,1.1631885219058855,
USDZAR,Strategy Tester Results/USDZAR/ORB_ICT_Backtest_v1_OANDA_USDZAR_2026-09-14 (1).xlsx,,OANDA:USDZAR,15 minutes,New York,America/New_York,Off,Both,Full framework,10,2.75,7,0,3545.99,1.7553536166867967,42.857142857142854,21.63,2.3404714889157288,29.935893879596808,0.6022734127562654,2026-07-26T23:00:00,2026-09-14T20:15:00,3,1.3494694610047564,0,,
USDZAR,Strategy Tester Results/USDZAR/ORB_ICT_Backtest_v1_OANDA_USDZAR_2026-09-14.xlsx,,OANDA:USDZAR,5 minutes,New York,America/New_York,Off,Both,Full framework,10,2.75,4,0,-743.17,0.7286908586448598,25.0,30.64,2.1860725759345794,31.38660454734517,-0.07174434012339864,2026-07-26T23:00:00,2026-09-14T20:15:00,4,0.9054760199499163,0,,
XAUUSD,Strategy Tester Results/XAUUSD/ORB_ICT_Backtest_v1_FX_XAUUSD_2026-09-14 (1).xlsx,,FX:XAUUSD,15 minutes,New York,America/New_York,On,Both,Break + retest,10,2.75,60,0,-4475.7,0.8182601132410123,35.0,65.47,1.5196259245904515,39.68843113735398,-0.02316101251179313,2026-07-20T00:00:00,2026-09-14T20:00:00,19,0.6584123322553975,4,1.1621554252503863,
XAUUSD,Strategy Tester Results/XAUUSD/ORB_ICT_Backtest_v1_FX_XAUUSD_2026-09-14 (10).xlsx,,FX:XAUUSD,15 minutes,New York,America/New_York,On,Short only,Break + retest,10,2.75,33,0,9773.7,1.4442957456122607,45.45454545454545,45.53,1.7331548947347128,36.58775439059273,0.29714627789190956,2026-07-20T00:00:00,2026-09-14T20:00:00,11,1.267809250910589,2,7.137531529501876,
XAUUSD,Strategy Tester Results/XAUUSD/ORB_ICT_Backtest_v1_FX_XAUUSD_2026-09-14 (11).xlsx,,FX:XAUUSD,30 minutes,New York,America/New_York,On,Short only,Break + retest,10,2.75,36,0,11698.2,1.583339566547288,55.55555555555556,43.58,1.2666716532378304,44.117550002072356,0.2715659729807835,2026-07-20T00:00:00,2026-09-14T20:00:00,11,0.5403823862682047,3,2.1937090117763494,
XAUUSD,Strategy Tester Results/XAUUSD/ORB_ICT_Backtest_v1_FX_XAUUSD_2026-09-14 (2).xlsx,,FX:XAUUSD,30 minutes,New York,America/New_York,On,Both,Break + retest,10,2.75,77,0,5495.3,1.1109310031171917,49.35064935064935,46.36,1.1401660295150124,46.72534682865759,0.1140579493519216,2026-07-20T00:00:00,2026-09-14T20:00:00,16,0.5290459220382822,4,1.2174200038944838,
XAUUSD,Strategy Tester Results/XAUUSD/ORB_ICT_Backtest_v1_FX_XAUUSD_2026-09-14 (3).xlsx,,FX:XAUUSD,5 minutes,New York,America/New_York,On,Both,Close breakout,10,2.75,41,0,-7809.24,0.2523964383464599,29.268292682926827,82.31,0.6099580593372782,62.11341930308664,-0.32630605278388364,2026-07-20T00:00:00,2026-09-14T20:00:00,41,0.4174292226407838,11,1.260595378935139,
XAUUSD,Strategy Tester Results/XAUUSD/ORB_ICT_Backtest_v1_FX_XAUUSD_2026-09-14 (4).xlsx,,FX:XAUUSD,15 minutes,New York,America/New_York,On,Both,Close breakout,10,2.75,103,1,-9372.06,0.5450863516780088,29.126213592233007,94.51,1.3263767890831546,42.985298198152535,-0.2246771445662606,2026-07-20T00:00:00,2026-09-14T20:00:00,32,0.26290171607230667,7,1.3445063128006738,
XAUUSD,Strategy Tester Results/XAUUSD/ORB_ICT_Backtest_v1_FX_XAUUSD_2026-09-14 (5).xlsx,,FX:XAUUSD,30 minutes,New York,America/New_York,On,Both,Close breakout,10,2.75,148,0,-5430.38,0.9252834555259811,39.86486486486486,81.23,1.3957665685052933,41.74029361399324,-0.0001868759714113673,2026-07-20T00:00:00,2026-09-14T20:00:00,38,0.5632011929466816,10,0.8607368274818638,
XAUUSD,Strategy Tester Results/XAUUSD/ORB_ICT_Backtest_v1_FX_XAUUSD_2026-09-14 (6).xlsx,,FX:XAUUSD,5 minutes,New York,America/New_York,On,Short only,Break + retest,10,2.75,16,0,-3946.61,0.4046177983616697,18.75,60.56,1.7533437929005689,36.31947461768037,-0.24428649673016511,2026-07-20T00:00:00,2026-09-14T20:00:00,16,0.6046090203280513,2,4.465027336790567,
XAUUSD,Strategy Tester Results/XAUUSD/ORB_ICT_Backtest_v1_FX_XAUUSD_2026-09-14 (7).xlsx,Strategy Tester Results/XAUUSD/ORB_ICT_Backtest_v1_FX_XAUUSD_2026-09-14 (10).xlsx,FX:XAUUSD,15 minutes,New York,America/New_York,On,Short only,Break + retest,10,2.75,33,0,9773.7,1.4442957456122607,45.45454545454545,45.53,1.7331548947347128,36.58775439059273,0.29714627789190956,2026-07-20T00:00:00,2026-09-14T20:00:00,11,1.267809250910589,2,7.137531529501876,
XAUUSD,Strategy Tester Results/XAUUSD/ORB_ICT_Backtest_v1_FX_XAUUSD_2026-09-14 (8).xlsx,Strategy Tester Results/XAUUSD/ORB_ICT_Backtest_v1_FX_XAUUSD_2026-09-14 (11).xlsx,FX:XAUUSD,30 minutes,New York,America/New_York,On,Short only,Break + retest,10,2.75,36,0,11698.2,1.583339566547288,55.55555555555556,43.58,1.2666716532378304,44.117550002072356,0.2715659729807835,2026-07-20T00:00:00,2026-09-14T20:00:00,11,0.5403823862682047,3,2.1937090117763494,
XAUUSD,Strategy Tester Results/XAUUSD/ORB_ICT_Backtest_v1_FX_XAUUSD_2026-09-14 (9).xlsx,Strategy Tester Results/XAUUSD/ORB_ICT_Backtest_v1_FX_XAUUSD_2026-09-14 (6).xlsx,FX:XAUUSD,5 minutes,New York,America/New_York,On,Short only,Break + retest,10,2.75,16,0,-3946.61,0.4046177983616697,18.75,60.56,1.7533437929005689,36.31947461768037,-0.24428649673016511,2026-07-20T00:00:00,2026-09-14T20:00:00,16,0.6046090203280513,2,4.465027336790567,
XAUUSD,Strategy Tester Results/XAUUSD/ORB_ICT_Backtest_v1_FX_XAUUSD_2026-09-14.xlsx,,FX:XAUUSD,5 minutes,New York,America/New_York,On,Both,Break + retest,10,2.75,23,0,-6670.96,0.1997514428192526,13.043478260869565,75.57,1.3316762854616842,42.88760005988544,-0.42124387856025497,2026-07-20T00:00:00,2026-09-14T20:00:00,23,0.370160261764607,3,1.7886579151754571,
